Назва,сезон,бренд,назва моделі
https://prokoleso.ua/shiny/aplus/a502/,зима,Aplus,A502
https://prokoleso.ua/shiny/aplus/a506/,зима,Aplus,A506
https://prokoleso.ua/shiny/aplus/a701/,зима,Aplus,A701
https://prokoleso.ua/shiny/aplus/a703/,зима,Aplus,A703
https://prokoleso.ua/shiny/aplus/a869/,зима,Aplus,A869
https://prokoleso.ua/shiny/aplus/a609/,лето,Aplus,A609
https://prokoleso.ua/shiny/aplus/a610/,лето,Aplus,A610
https://prokoleso.ua/shiny/aplus/a919/,лето,Aplus,A919
https://prokoleso.ua/shiny/apollo/alnac-4g-all-season/,всесезонка,Apollo,ALNAC 4G ALL SEASON
https://prokoleso.ua/shiny/apollo/aspire-xp-winter/,зима,Apollo,ASPIRE XP WINTER
https://prokoleso.ua/shiny/apollo/alnac-4g/,лето,Apollo,ALNAC 4G
https://prokoleso.ua/shiny/apollo/amazer-xp/,лето,Apollo,AMAZER XP
https://prokoleso.ua/shiny/apollo/apterra-ht2/,лето,Apollo,Apterra HT2
https://prokoleso.ua/shiny/apollo/aspire-4gplus/,лето,Apollo,ASPIRE 4G+
https://prokoleso.ua/shiny/austone/athena-sp-302/,всесезонка,Austone,Athena SP-302
https://prokoleso.ua/shiny/austone/athena-sp-306/,всесезонка,Austone,ATHENA SP-306
https://prokoleso.ua/shiny/austone/asr71/,лето,Austone,ASR71
https://prokoleso.ua/shiny/austone/athena-sp-303/,лето,Austone,Athena SP-303
https://prokoleso.ua/shiny/austone/athena-sp-701/,лето,Austone,Athena SP-701
https://prokoleso.ua/shiny/austone/athena-sp-801/,лето,Austone,Athena SP-801
https://prokoleso.ua/shiny/austone/athena-sp-802/,лето,Austone,Athena SP-802
https://prokoleso.ua/shiny/barum/quartaris-5/,всесезонка,Barum,Quartaris 5
https://prokoleso.ua/shiny/barum/vanis-allseason/,всесезонка,Barum,Vanis AllSeason
https://prokoleso.ua/shiny/barum/polaris-5/,зима,Barum,Polaris 5
https://prokoleso.ua/shiny/barum/polaris-6/,зима,Barum,POLARIS 6
https://prokoleso.ua/shiny/barum/bravuris-4x4/,лето,Barum,Bravuris 4X4
https://prokoleso.ua/shiny/barum/bravuris-5-hm/,лето,Barum,Bravuris 5 HM
https://prokoleso.ua/shiny/barum/bravuris-6/,лето,Barum,BRAVURIS 6
https://prokoleso.ua/shiny/bfgoodrich/activan-4s/,всесезонка,Bfgoodrich,Activan 4S
https://prokoleso.ua/shiny/bfgoodrich/all-terrain-t-a-ko2/,всесезонка,Bfgoodrich,All Terrain T/A KO2
https://prokoleso.ua/shiny/bfgoodrich/all-terrain-t-a-ko3/,всесезонка,Bfgoodrich,All Terrain T/A KO3
https://prokoleso.ua/shiny/bfgoodrich/trail-terrain-t-a/,всесезонка,Bfgoodrich,Trail Terrain T/A
https://prokoleso.ua/shiny/bfgoodrich/mud-terrain-t-a-km3/,всесезонка,Bfgoodrich,Mud Terrain T/A KM3
https://prokoleso.ua/shiny/bridgestone/dueler-a-t-002/,всесезонка,Bridgestone,Dueler A/T 002
https://prokoleso.ua/shiny/bridgestone/turanza-all-season-6/,всесезонка,Bridgestone,Turanza All Season 6
https://prokoleso.ua/shiny/bridgestone/weathercontrol-a005-evo/,всесезонка,Bridgestone,WeatherControl A005 EVO
https://prokoleso.ua/shiny/bridgestone/blizzak-6/,зима,Bridgestone,Blizzak 6
https://prokoleso.ua/shiny/bridgestone/blizzak-lm005/,зима,Bridgestone,BLIZZAK LM005
https://prokoleso.ua/shiny/bridgestone/alenza-001/,лето,Bridgestone,Alenza 001
https://prokoleso.ua/shiny/bridgestone/turanza-6/,лето,Bridgestone,Turanza 6
https://prokoleso.ua/shiny/bridgestone/turanza-t005/,лето,Bridgestone,Turanza T005
https://prokoleso.ua/shiny/continental/crosscontact-rx/,всесезонка,Continental,CrossContact RX
https://prokoleso.ua/shiny/continental/vancontact-a-s/,всесезонка,Continental,VanContact A/S
https://prokoleso.ua/shiny/continental/contivikingcontact-7/,зима,Continental,ContiVikingContact 7
https://prokoleso.ua/shiny/continental/vikingcontact-8/,зима,Continental,ContiVikingContact 8
https://prokoleso.ua/shiny/continental/contiwintercontact-870/,зима,Continental,ContiWinterContact TS-870
https://prokoleso.ua/shiny/continental/wintercontact-8-s/,зима,Continental,WinterContact 8 S
https://prokoleso.ua/shiny/continental/contiecocontact-6/,лето,Continental,ContiEcoContact 6
https://prokoleso.ua/shiny/continental/contipremiumcontact-5/,лето,Continental,ContiPremiumContact 5
https://prokoleso.ua/shiny/continental/contipremiumcontact-6/,лето,Continental,ContiPremiumContact 6
https://prokoleso.ua/shiny/continental/contisportcontact-5/,лето,Continental,ContiSportContact 5
https://prokoleso.ua/shiny/continental/contisportcontact-5-suv/,лето,Continental,ContiSportContact 5 SUV
https://prokoleso.ua/shiny/continental/contisportcontact-5p/,лето,Continental,ContiSportContact 5P
https://prokoleso.ua/shiny/continental/contisportcontact-6/,лето,Continental,ContiSportContact 6
https://prokoleso.ua/shiny/continental/contiultracontact/,лето,Continental,ContiUltraContact
https://prokoleso.ua/shiny/continental/contiultracontact-nxt/,лето,Continental,ContiUltraContact NXT
https://prokoleso.ua/shiny/continental/crosscontact-h-t/,лето,Continental,CrossContact H/T
https://prokoleso.ua/shiny/continental/ecocontact-6-q/,лето,Continental,EcoContact 6 Q
https://prokoleso.ua/shiny/continental/premiumcontact-7/,лето,Continental,PremiumContact 7
https://prokoleso.ua/shiny/continental/sportcontact-7/,лето,Continental,SportContact 7
https://prokoleso.ua/shiny/continental/ultracontact-uc6/,лето,Continental,ULTRACONTACT UC6
https://prokoleso.ua/shiny/continental/vancontact-eco/,лето,Continental,VanContact Eco
https://prokoleso.ua/shiny/continental/vancontact-ultra/,лето,Continental,VanContact Ultra
https://prokoleso.ua/shiny/doublestar/wildtiger-t01/,всесезонка,Doublestar,Wildtiger T01
https://prokoleso.ua/shiny/doublestar/wildwolf-w01/,всесезонка,Doublestar,Wildwolf W01
https://prokoleso.ua/shiny/doublestar/winterking-dw01/,зима,Doublestar,Winterking DW01
https://prokoleso.ua/shiny/doublestar/dw02/,зима,Doublestar,Winterking DW02
https://prokoleso.ua/shiny/doublestar/dw05/,зима,Doublestar,Winterking DW05
https://prokoleso.ua/shiny/doublestar/winterking-dw06/,зима,Doublestar,Winterking DW06
https://prokoleso.ua/shiny/doublestar/dw07/,зима,Doublestar,Winterking DW07
https://prokoleso.ua/shiny/doublestar/winterking-dw08/,зима,Doublestar,Winterking DW08
https://prokoleso.ua/shiny/doublestar/winterking-dw16/,зима,Doublestar,Winterking DW16
https://prokoleso.ua/shiny/doublestar/dw09/,зима,Doublestar,Winterking DW09
https://prokoleso.ua/shiny/doublestar/dl01/,лето,Doublestar,LTECH DL01
https://prokoleso.ua/shiny/doublestar/dss02/,лето,Doublestar,HTTECH DSS02
https://prokoleso.ua/shiny/doublestar/ds01/,лето,Doublestar,Landrider DS01
https://prokoleso.ua/shiny/doublestar/maximum-dh03/,лето,Doublestar,Maximum DH03
https://prokoleso.ua/shiny/doublestar/maximum-dh08/,лето,Doublestar,Maximum DH08
https://prokoleso.ua/shiny/doublestar/maximum-dh05/,лето,Doublestar,Maximum DH05
https://prokoleso.ua/shiny/doublestar/du05/,лето,Doublestar,DU05
https://prokoleso.ua/shiny/doublestar/hr601/,лето,Doublestar,HR601
https://prokoleso.ua/shiny/doublestar/dsu02/,лето,Doublestar,PRTECH DSU02
https://prokoleso.ua/shiny/dunlop/sp-winter-response-2/,зима,Dunlop,SP Winter Response 2
https://prokoleso.ua/shiny/dunlop/sp-winter-sport-5/,зима,Dunlop,SP Winter Sport 5
https://prokoleso.ua/shiny/dunlop/winter-maxx-sj8/,зима,Dunlop,Winter Maxx SJ8
https://prokoleso.ua/shiny/dunlop/wintersport-5-suv/,зима,Dunlop,WinterSport 5 SUV
https://prokoleso.ua/shiny/federal/couragia-m-t/,всесезонка,Federal,Couragia M/T
https://prokoleso.ua/shiny/federal/couragia-xuv-ii/,всесезонка,Federal,COURAGIA XUV II
https://prokoleso.ua/shiny/firemax/fm518/,лето,Firemax,FM518
https://prokoleso.ua/shiny/firemax/fm601/,лето,Firemax,FM601
https://prokoleso.ua/shiny/firemax/fm913/,лето,Firemax,FM913
https://prokoleso.ua/shiny/firemax/fm916/,лето,Firemax,FM916
https://prokoleso.ua/shiny/firestone/winterhawk-4/,зима,Firestone,WinterHawk 4
https://prokoleso.ua/shiny/firestone/roadhawk/,лето,Firestone,Roadhawk
https://prokoleso.ua/shiny/firestone/roadhawk-2/,лето,Firestone,Roadhawk 2
https://prokoleso.ua/shiny/firestone/vanhawk-2/,лето,Firestone,Vanhawk 2
https://prokoleso.ua/shiny/firestone/vanhawk-3/,лето,Firestone,VANHAWK 3
https://prokoleso.ua/shiny/fronway/fronwing-a-s/,всесезонка,Fronway,Fronwing A/S
https://prokoleso.ua/shiny/fronway/icemaster-i/,зима,Fronway,IceMaster I
https://prokoleso.ua/shiny/fronway/icemaster-ii/,зима,Fronway,IceMaster II
https://prokoleso.ua/shiny/fronway/ecogreen-55/,лето,Fronway,Ecogreen 55
https://prokoleso.ua/shiny/fronway/ecogreen-66/,лето,Fronway,Ecogreen 66
https://prokoleso.ua/shiny/fronway/eurus-07/,лето,Fronway,Eurus 07
https://prokoleso.ua/shiny/fronway/eurus-08/,лето,Fronway,Eurus 08
https://prokoleso.ua/shiny/fronway/roadpower-h-t/,лето,Fronway,Roadpower H/T
https://prokoleso.ua/shiny/fulda/multicontrol/,всесезонка,Fulda,MultiControl
https://prokoleso.ua/shiny/fulda/multicontrol-suv/,всесезонка,Fulda,MultiControl SUV
https://prokoleso.ua/shiny/fulda/conveo-trac-3/,зима,Fulda,Conveo Trac 3
https://prokoleso.ua/shiny/fulda/kristall-control-hp/,зима,Fulda,Kristall Control HP
https://prokoleso.ua/shiny/fulda/kristall-control-hp-2/,зима,Fulda,Kristall Control HP 2
https://prokoleso.ua/shiny/fulda/kristall-control-suv/,зима,Fulda,Kristall Control SUV
https://prokoleso.ua/shiny/fulda/kristall-montero/,зима,Fulda,KRISTALL MONTERO
https://prokoleso.ua/shiny/fulda/kristall-montero-3/,зима,Fulda,Kristall Montero 3
https://prokoleso.ua/shiny/fulda/conveo-tour-2/,лето,Fulda,Conveo Tour 2
https://prokoleso.ua/shiny/fulda/ecocontrol/,лето,Fulda,Ecocontrol
https://prokoleso.ua/shiny/fulda/ecocontrol-hp/,лето,Fulda,EcoControl HP
https://prokoleso.ua/shiny/fulda/ecocontrol-hp-2/,лето,Fulda,EcoControl HP 2
https://prokoleso.ua/shiny/fulda/ecocontrol-suv/,лето,Fulda,EcoControl SUV
https://prokoleso.ua/shiny/fulda/sportcontrol-2/,лето,Fulda,SportControl 2
https://prokoleso.ua/shiny/general/grabber-hp/,лето,General,Grabber HP
https://prokoleso.ua/shiny/general/grabber-uhp/,лето,General,Grabber UHP
https://prokoleso.ua/shiny/gislaved/eurofrost-6/,зима,Gislaved,EuroFrost 6
https://prokoleso.ua/shiny/gislaved/ultra-speed-2/,лето,Gislaved,ULTRA SPEED 2
https://prokoleso.ua/shiny/goodyear/wrangler-duratrac-rt/,всесезонка,GoodYear,Wrangler DuraTrac RT
https://prokoleso.ua/shiny/goodyear/vector-4season-cargo/,всесезонка,GoodYear,Vector 4Season Cargo
https://prokoleso.ua/shiny/goodyear/vector-4seasons-gen-2/,всесезонка,GoodYear,Vector 4Seasons Gen-2
https://prokoleso.ua/shiny/goodyear/vector-4seasons-gen-3-suv/,всесезонка,GoodYear,Vector 4Seasons Gen-3 SUV
https://prokoleso.ua/shiny/goodyear/vector4seasons/,всесезонка,GoodYear,Vector4Seasons
https://prokoleso.ua/shiny/goodyear/wrangler-all-terrain-adventure/,всесезонка,GoodYear,Wrangler All-Terrain Adventure
https://prokoleso.ua/shiny/goodyear/wrangler-duratrac/,всесезонка,GoodYear,Wrangler Duratrac
https://prokoleso.ua/shiny/goodyear/vector-4-seasons-gen-3/,всесезонка,GoodYear,Vector 4 Seasons Gen-3
https://prokoleso.ua/shiny/goodyear/ultra-grip-ice-2/,зима,Goodyear,Ultra Grip Ice 2 +
https://prokoleso.ua/shiny/goodyear/ultra-grip-ice-3/,зима,Goodyear,Ultra Grip Ice 3
https://prokoleso.ua/shiny/goodyear/ultra-grip-ice-arctic-2/,зима,Goodyear,Ultra Grip Ice Arctic 2
https://prokoleso.ua/shiny/goodyear/ultra-grip-ice-cargo/,зима,Goodyear,Ultra Grip Ice Cargo
https://prokoleso.ua/shiny/goodyear/ultra-grip-performance-3/,зима,Goodyear,Ultra Grip Performance 3
https://prokoleso.ua/shiny/goodyear/ultra-grip-performance-suv-gen-1/,зима,Goodyear,Ultra Grip Performance SUV Gen-1
https://prokoleso.ua/shiny/goodyear/ultragrip-9-plus/,зима,Goodyear,UltraGrip 9+
https://prokoleso.ua/shiny/goodyear/ultra-grip-cargo/,зима,Goodyear,Ultra Grip Cargo
https://prokoleso.ua/shiny/goodyear/ultragrip-8/,зима,Goodyear,Ultragrip 8
https://prokoleso.ua/shiny/goodyear/ultragrip-8-performance/,зима,Goodyear,Ultragrip 8 Performance
https://prokoleso.ua/shiny/goodyear/ultragrip-arctic-2/,зима,Goodyear,UltraGrip Arctic 2
https://prokoleso.ua/shiny/goodyear/ultragrip-ice-2/,зима,Goodyear,Ultragrip Ice 2
https://prokoleso.ua/shiny/goodyear/ultragrip-ice-arctic/,зима,Goodyear,UltraGrip Ice Arctic
https://prokoleso.ua/shiny/goodyear/ultragrip-suv/,зима,Goodyear,UltraGrip+ SUV
https://prokoleso.ua/shiny/goodyear/wrangler-ultragrip/,зима,Goodyear,Wrangler UltraGrip
https://prokoleso.ua/shiny/goodyear/ultra-grip-performance-suv/,зима,Goodyear,Ultra Grip Performance + SUV
https://prokoleso.ua/shiny/goodyear/ultragrip-performance-gen-1/,зима,Goodyear,UltraGrip Performance Gen-1
https://prokoleso.ua/shiny/goodyear/ultra-grip-ice-gen-1/,зима,Goodyear,Ultra Grip Ice GEN-1
https://prokoleso.ua/shiny/goodyear/ultra-grip-performance-/,зима,Goodyear,Ultra Grip Performance +
https://prokoleso.ua/shiny/goodyear/eagle-f1-asymmetric-suv/,лето,Goodyear,Eagle F1 Asymmetric SUV
https://prokoleso.ua/shiny/goodyear/eagle-f1-supersport/,лето,Goodyear,Eagle F1 SUPERSPORT
https://prokoleso.ua/shiny/goodyear/efficientgrip-cargo-2/,лето,Goodyear,EFFICIENTGRIP CARGO 2
https://prokoleso.ua/shiny/goodyear/efficientgrip-perfomance-2/,лето,Goodyear,EfficientGrip Performance 2
https://prokoleso.ua/shiny/goodyear/eagle-f1-asymmetric-5/,лето,Goodyear,Eagle F1 Asymmetric 5
https://prokoleso.ua/shiny/goodyear/eagle-f1-asymmetric-6/,лето,Goodyear,Eagle F1 Asymmetric 6
https://prokoleso.ua/shiny/goodyear/efficientgrip-2-suv/,лето,Goodyear,EfficientGrip 2 SUV
https://prokoleso.ua/shiny/goodyear/efficientgrip-compact-2/,лето,Goodyear,EfficientGrip Compact 2
https://prokoleso.ua/shiny/goodyear/eagle-sport-2/,лето,Goodyear,Eagle Sport 2
https://prokoleso.ua/shiny/grenlander/maga-a-t-one/,всесезонка,Grenlander,Maga A/T One
https://prokoleso.ua/shiny/grenlander/maga-a-t-two/,всесезонка,Grenlander,MAGA A/T TWO
https://prokoleso.ua/shiny/grenlander/maho-77/,всесезонка,Grenlander,Maho 77
https://prokoleso.ua/shiny/grenlander/predator-m-t/,всесезонка,Grenlander,Predator M/T
https://prokoleso.ua/shiny/grenlander/icedefensor-stud-iii/,зима,Grenlander,IceDefensor Stud III
https://prokoleso.ua/shiny/grenlander/icehawke-ii/,зима,Grenlander,IceHawke II
https://prokoleso.ua/shiny/grenlander/l-snow96/,зима,Grenlander,L-Snow96
https://prokoleso.ua/shiny/grenlander/winter-gl868/,зима,Grenlander,Winter GL868
https://prokoleso.ua/shiny/grenlander/winter-gl989/,зима,Grenlander,Winter GL989
https://prokoleso.ua/shiny/grenlander/colo-h01/,лето,Grenlander,Colo H01
https://prokoleso.ua/shiny/grenlander/colo-h02/,лето,Grenlander,Colo H02
https://prokoleso.ua/shiny/grenlander/dias-zero/,лето,Grenlander,Dias-Zero
https://prokoleso.ua/shiny/grenlander/enri-u08/,лето,Grenlander,Enri U08
https://prokoleso.ua/shiny/grenlander/l-comfort-68/,лето,Grenlander,L-Comfort 68
https://prokoleso.ua/shiny/grenlander/l-grip16/,лето,Grenlander,L-GRIP16
https://prokoleso.ua/shiny/grenlander/l-max9/,лето,Grenlander,L-MAX9
https://prokoleso.ua/shiny/grenlander/l-strong36/,лето,Grenlander,L-Strong36
https://prokoleso.ua/shiny/grenlander/l-zeal-56/,лето,Grenlander,L-Zeal 56
https://prokoleso.ua/shiny/grenlander/maho-79/,лето,Grenlander,MAHO 79
https://prokoleso.ua/shiny/habilead/aw11/,зима,Habilead,AW11
https://prokoleso.ua/shiny/habilead/rw501-icemax/,зима,Habilead,RW501 IceMax
https://prokoleso.ua/shiny/habilead/rw516-icemax/,зима,Habilead,RW516 IceMax
https://prokoleso.ua/shiny/habilead/snowshoes-aw33/,зима,Habilead,Snowshoes AW33
https://prokoleso.ua/shiny/habilead/rw505-icemax/,зима,Habilead,IceMax RW505
https://prokoleso.ua/shiny/habilead/h206/,лето,Habilead,H206
https://prokoleso.ua/shiny/habilead/hf330/,лето,Habilead,HF330
https://prokoleso.ua/shiny/habilead/rs01-durablemax/,лето,Habilead,RS01 DurableMax
https://prokoleso.ua/shiny/habilead/rs26/,лето,Habilead,RS26
https://prokoleso.ua/shiny/habilead/s2000/,лето,Habilead,S2000
https://prokoleso.ua/shiny/habilead/k3000/,лето,Habilead,K3000
https://prokoleso.ua/shiny/hankook/dynapro-i-cept-rw08/,зима,Hankook,Dynapro i*cept RW08
https://prokoleso.ua/shiny/hankook/ion-icept-iw01a/,зима,Hankook,iON i*cept IW01A
https://prokoleso.ua/shiny/hankook/winter-i-ept-rs-w442/,зима,Hankook,Winter i*Сept RS W442
https://prokoleso.ua/shiny/hankook/winter-i-cept-iz2-w616/,зима,Hankook,Winter i*Cept iZ2 W616
https://prokoleso.ua/shiny/hankook/winter-i-cept-rs2-w452/,зима,Hankook,WINTER I*CEPT RS2 W452
https://prokoleso.ua/shiny/hankook/winter-i-cept-rs3-w462/,зима,Hankook,WINTER I*CEPT RS3 W462
https://prokoleso.ua/shiny/hankook/winter-i-cept-rs3-w462b/,зима,Hankook,WINTER I*CEPT RS3 W462B
https://prokoleso.ua/shiny/hankook/winter-i-cept-rw10/,зима,Hankook,Winter I*Cept RW10
https://prokoleso.ua/shiny/hankook/winter-i-pike-rs2-w429/,зима,Hankook,Winter i*Pike RS2 W429
https://prokoleso.ua/shiny/hankook/winter-i-pike-x-w429a/,зима,Hankook,Winter i*Pike X W429A
https://prokoleso.ua/shiny/hankook/winter-icept-evo2-w320b/,зима,Hankook,Winter ICept Evo2 W320B
https://prokoleso.ua/shiny/hankook/winter-icept-evo3-w330/,зима,Hankook,Winter icept evo3 W330
https://prokoleso.ua/shiny/hankook/winter-icept-evo3-w330a/,зима,Hankook,Winter icept evo3 W330A
https://prokoleso.ua/shiny/hankook/winter-icept-evo3-w330b/,зима,Hankook,Winter icept evo3 W330B
https://prokoleso.ua/shiny/hankook/winter-icept-evo3-w330c/,зима,Hankook,Winter icept evo3 W330C
https://prokoleso.ua/shiny/hankook/winter-icept-iz-w-606/,зима,Hankook,Winter icept IZ W 606
https://prokoleso.ua/shiny/hankook/winter-icept-iz2a-w626/,зима,Hankook,Winter ICept iZ2A W626
https://prokoleso.ua/shiny/hankook/winter-icept-iz3-w636/,зима,Hankook,Winter iCept iZ3 W636
https://prokoleso.ua/shiny/hankook/winter-icept-iz3-w636a/,зима,Hankook,Winter ICept iZ3 W636A
https://prokoleso.ua/shiny/hankook/winter-icept-lv-rw12/,зима,Hankook,Winter ICept LV RW12
https://prokoleso.ua/shiny/hankook/winter-icept-evo2-w320/,зима,Hankook,Winter ICept Evo2 W320
https://prokoleso.ua/shiny/hankook/dynapro-hp2-plus-ra33d/,лето,Hankook,Dynapro HP2 plus RA33D
https://prokoleso.ua/shiny/hankook/dynapro-hp2-ra33/,лето,Hankook,Dynapro HP2 RA33
https://prokoleso.ua/shiny/hankook/ion-evo-ik01/,лето,Hankook,iON evo IK01
https://prokoleso.ua/shiny/hankook/ion-evo-ik01a/,лето,Hankook,iON evo IK01A
https://prokoleso.ua/shiny/hankook/kinergy-eco-2-k435/,лето,Hankook,Kinergy Eco 2 K435
https://prokoleso.ua/shiny/hankook/vantra-lt-ra18/,лето,Hankook,Vantra LT RA18
https://prokoleso.ua/shiny/hankook/ventus-prime-3-k125/,лето,Hankook,Ventus Prime 3 K125
https://prokoleso.ua/shiny/hankook/ventus-prime-3-k125b/,лето,Hankook,Ventus Prime 3 K125B
https://prokoleso.ua/shiny/hankook/ventus-prime-4-k135/,лето,Hankook,Ventus Prime 4 K135
https://prokoleso.ua/shiny/hankook/ventus-prime-4-k135a/,лето,Hankook,Ventus Prime 4 K135A
https://prokoleso.ua/shiny/hankook/ventus-evo-k137a/,лето,Hankook,Ventus evo K137A
https://prokoleso.ua/shiny/hankook/ventus-s1-evo-z-k129/,лето,Hankook,Ventus S1 evo Z K129
https://prokoleso.ua/shiny/hankook/ventus-s1-evo2-k117/,лето,Hankook,Ventus S1 Evo2 K117
https://prokoleso.ua/shiny/hankook/ventus-s1-evo-3-k127e/,лето,Hankook,Ventus S1 Evo 3 K127E
https://prokoleso.ua/shiny/hankook/ventus-s1-evo3-k127/,лето,Hankook,VENTUS S1 EVO3 K127
https://prokoleso.ua/shiny/hankook/ventus-s1-evo3-k127b/,лето,Hankook,Ventus S1 Evo3 K127B
https://prokoleso.ua/shiny/hankook/ventus-s1-evo4-x-k137a/,лето,Hankook,Ventus S1 Evo4 X K137A
https://prokoleso.ua/shiny/hifly/at601-vigorous/,всесезонка,Hifly,AT601 VIGOROUS
https://prokoleso.ua/shiny/hifly/at606-vigorous/,всесезонка,Hifly,AT606 VIGOROUS
https://prokoleso.ua/shiny/hifly/w601-vigorous/,зима,Hifly,W601 Vigorous
https://prokoleso.ua/shiny/hifly/win-turi-215/,зима,Hifly,WIN-TURI 215
https://prokoleso.ua/shiny/hifly/hf201/,лето,Hifly,HF201
https://prokoleso.ua/shiny/kapsen/aw33/,зима,Kapsen,AW33
https://prokoleso.ua/shiny/kapsen/icemax-rw501/,зима,Kapsen,IceMax RW501
https://prokoleso.ua/shiny/kapsen/h202/,лето,Kapsen,H202.
https://prokoleso.ua/shiny/kapsen/hd918/,лето,Kapsen,HD918
https://prokoleso.ua/shiny/kapsen/hp7/,лето,Kapsen,HP7
https://prokoleso.ua/shiny/kapsen/k3000/,лето,Kapsen,K3000.
https://prokoleso.ua/shiny/kapsen/rassurer-k737/,лето,Kapsen,Rassurer K737.
https://prokoleso.ua/shiny/kapsen/rs01-durablemax/,лето,Kapsen,RS01 DurableMax.
https://prokoleso.ua/shiny/kapsen/rs07/,лето,Kapsen,RS07
https://prokoleso.ua/shiny/kapsen/s801/,лето,Kapsen,S801.
https://prokoleso.ua/shiny/kapsen/sportmax-s2000/,лето,Kapsen,SportMax S2000
https://prokoleso.ua/shiny/kapsen/rs26/,лето,Kapsen,RS26
https://prokoleso.ua/shiny/kingstar/rw07/,зима,Kingstar,RW07
https://prokoleso.ua/shiny/kingstar/sw40/,зима,Kingstar,SW40
https://prokoleso.ua/shiny/kleber/quadraxer-2/,всесезонка,Kleber,Quadraxer 2
https://prokoleso.ua/shiny/kleber/quadraxer-3/,всесезонка,Kleber,QUADRAXER 3
https://prokoleso.ua/shiny/kleber/quadraxer-suv/,всесезонка,Kleber,Quadraxer SUV
https://prokoleso.ua/shiny/kleber/transpo-4s/,всесезонка,Kleber,Transpo 4S
https://prokoleso.ua/shiny/kleber/krisalp-hp3/,зима,Kleber,Krisalp HP3
https://prokoleso.ua/shiny/kleber/transalp-2/,зима,Kleber,Transalp 2
https://prokoleso.ua/shiny/kleber/transalp-2-plus/,зима,Kleber,Transalp 2+
https://prokoleso.ua/shiny/kleber/dynaxer-hp3/,лето,Kleber,Dynaxer HP3
https://prokoleso.ua/shiny/kleber/dynaxer-hp4/,лето,Kleber,Dynaxer HP4
https://prokoleso.ua/shiny/kleber/dynaxer-hp5/,лето,Kleber,Dynaxer HP5
https://prokoleso.ua/shiny/kleber/dynaxer-suv/,лето,Kleber,DYNAXER SUV
https://prokoleso.ua/shiny/kleber/dynaxer-uhp/,лето,Kleber,Dynaxer UHP
https://prokoleso.ua/shiny/kleber/transpro/,лето,Kleber,Transpro
https://prokoleso.ua/shiny/kleber/transpro-2/,лето,Kleber,Transpro 2
https://prokoleso.ua/shiny/kormoran/all-season/,всесезонка,kormoran,All Season
https://prokoleso.ua/shiny/kormoran/all-season-light-truck/,всесезонка,Kormoran,All Season Light Truck
https://prokoleso.ua/shiny/kormoran/all-season-suv/,всесезонка,kormoran,All Season SUV
https://prokoleso.ua/shiny/kormoran/cargospeed-evo/,лето,Kormoran,CargoSpeed Evo
https://prokoleso.ua/shiny/kormoran/extreme-stud/,зима,Kormoran,Extreme Stud
https://prokoleso.ua/shiny/kormoran/road-performance/,лето,Kormoran,Road Performance
https://prokoleso.ua/shiny/kormoran/road-terrain/,лето,Kormoran,Road Terrain
https://prokoleso.ua/shiny/kormoran/road/,лето,Kormoran,Road
https://prokoleso.ua/shiny/kormoran/snow/,зима,Kormoran,Snow
https://prokoleso.ua/shiny/kormoran/snowpro/,зима,Kormoran,Snowpro
https://prokoleso.ua/shiny/kormoran/snowpro-b2/,зима,Kormoran,Snowpro B2
https://prokoleso.ua/shiny/kormoran/snowpro-b4/,зима,Kormoran,Snowpro B4
https://prokoleso.ua/shiny/kormoran/summer/,лето,Kormoran,Summer
https://prokoleso.ua/shiny/kormoran/summer-3/,лето,Kormoran,Summer 3
https://prokoleso.ua/shiny/kormoran/suv-snow/,зима,Kormoran,SUV Snow
https://prokoleso.ua/shiny/kormoran/ultra-high-performance/,лето,Kormoran,Ultra High Performance
https://prokoleso.ua/shiny/kormoran/vanpro-b2/,лето,Kormoran,VanPro B2
https://prokoleso.ua/shiny/kormoran/vanpro-winter/,зима,Kormoran,VANPRO WINTER
https://prokoleso.ua/shiny/kumho/at52/,всесезонка,Kumho,Road Venture AT52
https://prokoleso.ua/shiny/kumho/cw11/,зима,Kumho,CW11
https://prokoleso.ua/shiny/kumho/wi51/,зима,Kumho,WI51
https://prokoleso.ua/shiny/kumho/wi-51/,зима,Kumho,WinterCraft Ice Wi31+
https://prokoleso.ua/shiny/kumho/wintercraft-suv-ice-ws31/,зима,Kumho,WinterCraft SUV Ice WS31.
https://prokoleso.ua/shiny/kumho/wintercraft-wp52/,зима,Kumho,WinterCraft WP52
https://prokoleso.ua/shiny/kumho/wintercraft-wp71/,зима,Kumho,WinterCraft WP71
https://prokoleso.ua/shiny/kumho/wintercraft-wp72/,зима,Kumho,WinterCraft WP72
https://prokoleso.ua/shiny/kumho/wintercraft-ws71/,зима,Kumho,WinterCraft WS71
https://prokoleso.ua/shiny/kumho/hs52/,лето,Kumho,Ecsta HS52
https://prokoleso.ua/shiny/kumho/ecsta-ps71/,лето,Kumho,Ecsta PS71
https://prokoleso.ua/shiny/kumho/ecsta-sport-ps72/,лето,Kumho,Ecsta Sport PS72
https://prokoleso.ua/shiny/lassa/competus-a-t-3/,всесезонка,Lassa,COMPETUS A/T 3
https://prokoleso.ua/shiny/lassa/competus-a-t2/,всесезонка,Lassa,Competus A/T2
https://prokoleso.ua/shiny/lassa/multiways-4-4/,всесезонка,Lassa,Multiways 4*4
https://prokoleso.ua/shiny/lassa/multiways-/,всесезонка,Lassa,Multiways С
https://prokoleso.ua/shiny/lassa/competus-winter-2/,зима,Lassa,Competus Winter 2
https://prokoleso.ua/shiny/lassa/competus-winter-2-plus/,зима,Lassa,Competus Winter 2 +
https://prokoleso.ua/shiny/lassa/snoways-3/,зима,Lassa,SnoWays 3
https://prokoleso.ua/shiny/lassa/snoways-4/,зима,Lassa,SNOWAYS 4
https://prokoleso.ua/shiny/lassa/wintus-2/,зима,Lassa,Wintus 2
https://prokoleso.ua/shiny/lassa/competus-h-l/,лето,Lassa,Competus H/L
https://prokoleso.ua/shiny/lassa/competus-h-p-3/,лето,Lassa,COMPETUS H/P 3
https://prokoleso.ua/shiny/lassa/driveways/,лето,Lassa,Driveways
https://prokoleso.ua/shiny/lassa/driveways-sport/,лето,Lassa,DRIVEWAYS SPORT
https://prokoleso.ua/shiny/lassa/driveways-sport-plus/,лето,Lassa,DRIVEWAYS SPORT +
https://prokoleso.ua/shiny/lassa/greenways/,лето,Lassa,Greenways
https://prokoleso.ua/shiny/lassa/revola/,лето,Lassa,REVOLA
https://prokoleso.ua/shiny/lassa/transway-2/,лето,Lassa,Transway 2
https://prokoleso.ua/shiny/lassa/transway-3/,лето,Lassa,TRANSWAY 3
https://prokoleso.ua/shiny/lassa/transway-a-t/,лето,Lassa,TRANSWAY A/T
https://prokoleso.ua/shiny/laufenn/lh71/,всесезонка,Laufenn,G FIT 4S LH71
https://prokoleso.ua/shiny/laufenn/i-fit-ice-lw71/,зима,Laufenn,I FIT Ice LW71
https://prokoleso.ua/shiny/laufenn/i-fit-lw31/,зима,Laufenn,I FIT LW31
https://prokoleso.ua/shiny/laufenn/i-fit-van-ly31/,зима,Laufenn,i Fit Van LY31
https://prokoleso.ua/shiny/laufenn/i-fit-plus-lw31/,зима,Laufenn,I FIT+ LW31
https://prokoleso.ua/shiny/laufenn/g-fit-eq-lk41/,лето,Laufenn,G-Fit EQ LK41
https://prokoleso.ua/shiny/laufenn/g-fit-eq-plus-lk41/,лето,Laufenn,G-Fit EQ+ LK41
https://prokoleso.ua/shiny/laufenn/s-fit-eq-lk01/,лето,Laufenn,S FIT EQ LK01
https://prokoleso.ua/shiny/laufenn/s-fit-eq-plus-lk01/,лето,Laufenn,S Fit EQ+ LK01
https://prokoleso.ua/shiny/laufenn/x-fit-van-lv01/,лето,Laufenn,X Fit Van LV01
https://prokoleso.ua/shiny/leao/igreen-all-season/,всесезонка,Leao,iGreen All Season
https://prokoleso.ua/shiny/leao/igreen-van-4s/,всесезонка,Leao,iGREEN VAN 4S
https://prokoleso.ua/shiny/leao/winter-defender-hp/,зима,Leao,Winter Defender HP
https://prokoleso.ua/shiny/leao/winter-defender-ice-i-15/,зима,Leao,Winter Defender Ice I-15
https://prokoleso.ua/shiny/leao/winter-defender-uhp/,зима,Leao,WINTER DEFENDER UHP
https://prokoleso.ua/shiny/leao/winter-defender-van/,зима,Leao,Winter Defender Van
https://prokoleso.ua/shiny/leao/nova-force-acro/,лето,Leao,NOVA-FORCE ACRO
https://prokoleso.ua/shiny/leao/nova-force-c-s/,лето,Leao,NOVA-FORCE C/S
https://prokoleso.ua/shiny/leao/nova-force-hp100/,лето,Leao,NOVA-FORCE HP100
https://prokoleso.ua/shiny/marshal/wintercraft-ice-wi31/,зима,Marshal,WinterCraft Ice Wi31
https://prokoleso.ua/shiny/marshal/wintercraft-suv-ice-ws71/,зима,Marshal,WinterCraft SUV Ice WS71
https://prokoleso.ua/shiny/matador/mp-62-all-weather-evo/,всесезонка,Matador,MP 62 All Weather Evo
https://prokoleso.ua/shiny/matador/mp72/,всесезонка,Matador,MP72
https://prokoleso.ua/shiny/matador/mp93-nordicca/,зима,Matador,MP93 Nordicca
https://prokoleso.ua/shiny/matador/nordicca-van/,зима,Matador,Nordicca Van
https://prokoleso.ua/shiny/matador/hectorra-5/,лето,Matador,Hectorra 5
https://prokoleso.ua/shiny/matador/hectorra-van/,лето,Matador,Hectorra Van
https://prokoleso.ua/shiny/matador/mp47-hectorra-3/,лето,Matador,MP47 Hectorra 3
https://prokoleso.ua/shiny/michelin/agilis-crossclimate/,всесезонка,Michelin,Agilis Crossclimate
https://prokoleso.ua/shiny/michelin/cross-climate/,всесезонка,Michelin,Cross Climate
https://prokoleso.ua/shiny/michelin/cross-climate-2/,всесезонка,Michelin,Cross Climate 2
https://prokoleso.ua/shiny/michelin/crossclimate-3/,всесезонка,Michelin,Crossclimate 3
https://prokoleso.ua/shiny/michelin/crossclimate-3-sport/,всесезонка,Michelin,Crossclimate 3 Sport
https://prokoleso.ua/shiny/michelin/crossclimate-plus/,всесезонка,Michelin,CrossClimate Plus
https://prokoleso.ua/shiny/michelin/pilot-sport-all-season-4/,всесезонка,Michelin,Pilot Sport All Season 4
https://prokoleso.ua/shiny/michelin/primacy-all-season/,всесезонка,Michelin,Primacy All Season
https://prokoleso.ua/shiny/michelin/agilis-51-snow-ice/,зима,Michelin,Agilis 51 Snow-Ice
https://prokoleso.ua/shiny/michelin/agilis-x-ice-north/,зима,Michelin,Agilis X-Ice North
https://prokoleso.ua/shiny/michelin/alpin-7/,зима,Michelin,Alpin 7
https://prokoleso.ua/shiny/michelin/alpin-a4/,зима,Michelin,Alpin A4
https://prokoleso.ua/shiny/michelin/alpin-a6/,зима,Michelin,Alpin A6
https://prokoleso.ua/shiny/michelin/latitude-alpin-2/,зима,Michelin,Latitude Alpin 2
https://prokoleso.ua/shiny/michelin/pilot-alpin-4/,зима,Michelin,Pilot Alpin 4
https://prokoleso.ua/shiny/michelin/pilot-alpin-5/,зима,Michelin,Pilot Alpin 5
https://prokoleso.ua/shiny/michelin/pilot-alpin-5-suv/,зима,Michelin,Pilot Alpin 5 SUV
https://prokoleso.ua/shiny/michelin/x-ice-3/,зима,Michelin,X-Ice 3
https://prokoleso.ua/shiny/michelin/x-ice-rth-4-suv/,зима,Michelin,X-Ice NORTH 4 SUV
https://prokoleso.ua/shiny/michelin/x-ice-snow/,зима,Michelin,X-ICE SNOW
https://prokoleso.ua/shiny/michelin/x-ice-snow-suv/,зима,Michelin,X-Ice Snow SUV
https://prokoleso.ua/shiny/michelin/agilis-3/,лето,Michelin,Agilis 3
https://prokoleso.ua/ua/shiny/michelin/agilis-plus/,лето,Michelin,Agilis+
https://prokoleso.ua/shiny/michelin/e-primacy/,лето,Michelin,e-Primacy
https://prokoleso.ua/shiny/michelin/latitude-cross/,лето,Michelin,Latitude Cross
https://prokoleso.ua/shiny/michelin/latitude-sport-3/,лето,Michelin,Latitude Sport 3
https://prokoleso.ua/shiny/michelin/latitude-tour-hp/,лето,Michelin,Latitude Tour HP
https://prokoleso.ua/shiny/michelin/pilot-sport-3/,лето,Michelin,Pilot Sport 3
https://prokoleso.ua/shiny/michelin/pilot-sport-4/,лето,Michelin,Pilot Sport 4
https://prokoleso.ua/shiny/michelin/pilot-sport-4-suv/,лето,Michelin,Pilot Sport 4 SUV
https://prokoleso.ua/shiny/michelin/pilot-sport-4s/,лето,Michelin,Pilot Sport 4S
https://prokoleso.ua/shiny/michelin/pilot-sport-5/,лето,Michelin,Pilot Sport 5
https://prokoleso.ua/shiny/michelin/pilot-sport-5s/,лето,Michelin,Pilot Sport 5S
https://prokoleso.ua/shiny/michelin/pilot-sport-ev/,лето,Michelin,Pilot Sport EV
https://prokoleso.ua/shiny/michelin/pilot-super-sport/,лето,Michelin,Pilot Super Sport
https://prokoleso.ua/shiny/michelin/primacy-4/,лето,Michelin,Primacy 4
https://prokoleso.ua/shiny/michelin/primacy-4-plus/,лето,Michelin,Primacy 4+
https://prokoleso.ua/shiny/michelin/primacy-5/,лето,Michelin,Primacy 5
https://prokoleso.ua/shiny/michelin/primacy-5-energy/,лето,Michelin,Primacy 5 Energy
https://prokoleso.ua/shiny/michelin/primacy-suv/,лето,Michelin,Primacy SUV
https://prokoleso.ua/shiny/nexen/n-priz-ah8/,всесезонка,Nexen,N'Priz AH8
https://prokoleso.ua/shiny/nexen/n-priz-rh7/,всесезонка,Nexen,N'PRIZ RH7
https://prokoleso.ua/shiny/nexen/npriz-rh1/,всесезонка,Nexen,NPriz RH1
https://prokoleso.ua/shiny/nexen/roadian-gtx/,всесезонка,Nexen,ROADIAN GTX
https://prokoleso.ua/shiny/nexen/roadian-htx-rh5/,всесезонка,Nexen,Roadian HTX RH5
https://prokoleso.ua/shiny/nexen/winguard-ice/,зима,Nexen,Winguard Ice
https://prokoleso.ua/shiny/nexen/winguard-ice-3/,зима,Nexen,WINGUARD ice 3
https://prokoleso.ua/shiny/nexen/winguard-ice-plus-wh43/,зима,Nexen,WinGuard Ice Plus WH43
https://prokoleso.ua/shiny/nexen/winguard-ice-suv/,зима,Nexen,Winguard Ice SUV
https://prokoleso.ua/shiny/nexen/winguard-snowg-3-wh21/,зима,Nexen,Winguard SnowG 3 WH21
https://prokoleso.ua/shiny/nexen/winguard-sport-2/,зима,Nexen,WinGuard Sport 2
https://prokoleso.ua/shiny/nexen/winguard-sport-2-suv/,зима,Nexen,WinGuard Sport 2 SUV
https://prokoleso.ua/shiny/nexen/winguard-sport-3/,зима,Nexen,Winguard Sport 3
https://prokoleso.ua/shiny/nexen/winguard-suv/,зима,Nexen,Winguard SUV.
https://prokoleso.ua/shiny/nexen/winguard-winspike-3/,зима,Nexen,WINGUARD Winspike 3
https://prokoleso.ua/shiny/nexen/winguard-winspike-wh62/,зима,Nexen,Winguard WinSpike WH62
https://prokoleso.ua/shiny/nexen/n-blue-hd/,лето,Nexen,N'Blue HD
https://prokoleso.ua/shiny/nexen/n-blue-hd-plus/,лето,Nexen,N'Blue HD Plus
https://prokoleso.ua/shiny/nexen/n-fera-ru1/,лето,Nexen,N'FERA RU1
https://prokoleso.ua/shiny/nexen/n-fera-ru5/,лето,Nexen,N'FERA RU5
https://prokoleso.ua/shiny/nexen/n-fera-su1/,лето,Nexen,N'FERA SU1
https://prokoleso.ua/shiny/nexen/nfera-sport/,лето,Nexen,NFera Sport
https://prokoleso.ua/shiny/nokian/seasonproof-2/,всесезонка,Nokian Tyres,Seasonproof 2
https://prokoleso.ua/shiny/nokian/hakkapeliitta-10p/,зима,Nokian Tyres,Hakkapeliitta 10p
https://prokoleso.ua/shiny/nokian/hakkapeliitta-9/,зима,Nokian Tyres,Hakkapeliitta 9
https://prokoleso.ua/shiny/nokian/hakkapeliitta-c4/,зима,Nokian Tyres,Hakkapeliitta C4
https://prokoleso.ua/shiny/nokian/hakkapeliitta-cr4/,зима,Nokian Tyres,Hakkapeliitta CR4
https://prokoleso.ua/shiny/nokian/hakkapeliitta-lt3/,зима,Nokian Tyres,Hakkapeliitta LT3
https://prokoleso.ua/shiny/nokian/hakkapeliitta-r5/,зима,Nokian Tyres,Hakkapeliitta R5
https://prokoleso.ua/shiny/nokian/snowproof-1/,зима,Nokian Tyres,Snowproof 1
https://prokoleso.ua/shiny/nokian/snowproof-2/,зима,Nokian Tyres,Snowproof 2
https://prokoleso.ua/shiny/nokian/snowproof-c/,зима,Nokian Tyres,Snowproof C
https://prokoleso.ua/shiny/nokian/wr-d4/,зима,Nokian Tyres,WR D4
https://prokoleso.ua/shiny/nokian/wr-snowproof-p/,зима,Nokian Tyres,WR Snowproof P
https://prokoleso.ua/shiny/nokian/hakka-black-2/,лето,Nokian Tyres,Hakka Black 2
https://prokoleso.ua/shiny/nokian/hakka-black-2-suv/,лето,Nokian Tyres,Hakka Black 2 SUV
https://prokoleso.ua/shiny/nokian/powerproof-1/,лето,Nokian Tyres,Powerproof 1
https://prokoleso.ua/shiny/nokian/powerproof-2/,лето,Nokian Tyres,Powerproof 2
https://prokoleso.ua/shiny/nokian/rotiiva-a-t/,лето,Nokian Tyres,Rotiiva A/T
https://prokoleso.ua/shiny/nokian/wetproof-1/,лето,Nokian Tyres,Wetproof 1
https://prokoleso.ua/shiny/orium/all-season-suv/,всесезонка,Orium,ALL SEASON SUV
https://prokoleso.ua/shiny/orium/all-season/,всесезонка,Orium,ALL SEASON.
https://prokoleso.ua/shiny/orium/suv-winter/,зима,Orium,SUV WINTER
https://prokoleso.ua/shiny/orium/winter-601/,зима,Orium,Winter 601
https://prokoleso.ua/shiny/orium/winter-orium/,зима,Orium,Winter.
https://prokoleso.ua/shiny/orium/cargospeedevo/,лето,Orium,CARGOSPEEDEVO
https://prokoleso.ua/shiny/orium/high-performance/,лето,Orium,High Performance
https://prokoleso.ua/shiny/orium/ultra-high-performance/,лето,Orium,Ultra High Performance
https://prokoleso.ua/shiny/orium/touring/,лето,Orium,Touring
https://prokoleso.ua/shiny/pirelli/cinturato-all-season/,всесезонка,Pirelli,Cinturato All Season
https://prokoleso.ua/shiny/pirelli/cinturato-all-season-plus/,всесезонка,Pirelli,Cinturato All Season Plus
https://prokoleso.ua/shiny/pirelli/cinturato-all-season-sf3/,всесезонка,Pirelli,Cinturato All Season SF3
https://prokoleso.ua/shiny/pirelli/powergy-all-season/,всесезонка,Pirelli,Powergy All Season SF
https://prokoleso.ua/shiny/pirelli/pzero-all-season/,всесезонка,Pirelli,PZero ALL SEASON
https://prokoleso.ua/shiny/pirelli/scorpion-a-t-plus/,всесезонка,Pirelli,Scorpion A/T Plus
https://prokoleso.ua/shiny/pirelli/scorpion-all-season-sf-2/,всесезонка,Pirelli,Scorpion All Season SF 2
https://prokoleso.ua/shiny/pirelli/scorpion-all-season-sf-3/,всесезонка,Pirelli,Scorpion All Season SF 3
https://prokoleso.ua/shiny/pirelli/scorpion-verde-all-season/,всесезонка,Pirelli,Scorpion Verde All-Season
https://prokoleso.ua/shiny/pirelli/scorpion-zero-all-season/,всесезонка,Pirelli,Scorpion Zero All Season
https://prokoleso.ua/shiny/pirelli/carrier-winter/,зима,Pirelli,Carrier Winter
https://prokoleso.ua/shiny/pirelli/cinturato-winter/,зима,Pirelli,Cinturato Winter
https://prokoleso.ua/shiny/pirelli/cinturato-winter-2/,зима,Pirelli,Cinturato Winter 2
https://prokoleso.ua/shiny/pirelli/cinturato-winter-3/,зима,Pirelli,Cinturato Winter 3
https://prokoleso.ua/shiny/pirelli/ice-zero/,зима,Pirelli,Ice Zero
https://prokoleso.ua/shiny/pirelli/ice-zero-2/,зима,Pirelli,Ice Zero 2
https://prokoleso.ua/shiny/pirelli/ice-zero-asimmetrico/,зима,Pirelli,Ice Zero Asimmetrico
https://prokoleso.ua/shiny/pirelli/powergy-winter/,зима,Pirelli,POWERGY WINTER
https://prokoleso.ua/shiny/pirelli/pzero-winter/,зима,Pirelli,PZero Winter
https://prokoleso.ua/shiny/pirelli/pzero-winter-2/,зима,Pirelli,PZero Winter 2
https://prokoleso.ua/shiny/pirelli/scorpion-ice-zero-2/,зима,Pirelli,Scorpion Ice Zero 2
https://prokoleso.ua/shiny/pirelli/scorpion-winter/,зима,Pirelli,Scorpion Winter
https://prokoleso.ua/shiny/pirelli/scorpion-winter-2/,зима,Pirelli,Scorpion Winter 2
https://prokoleso.ua/shiny/pirelli/sottozero-3/,зима,Pirelli,SottoZero 3
https://prokoleso.ua/shiny/pirelli/carrier/,лето,Pirelli,Carrier
https://prokoleso.ua/shiny/pirelli/cinturato-c3/,лето,Pirelli,Cinturato C3
https://prokoleso.ua/shiny/pirelli/cinturato-p1-verde/,лето,Pirelli,Cinturato P1 Verde
https://prokoleso.ua/shiny/pirelli/cinturato-p7/,лето,Pirelli,Cinturato P7
https://prokoleso.ua/shiny/pirelli/cinturato-p7-p7c2/,лето,Pirelli,Cinturato P7 P7C2
https://prokoleso.ua/shiny/pirelli/powergy/,лето,Pirelli,POWERGY
https://prokoleso.ua/shiny/pirelli/powergy-2/,лето,Pirelli,Powergy 2
https://prokoleso.ua/shiny/pirelli/pzero-pz4/,лето,Pirelli,PZero PZ4
https://prokoleso.ua/shiny/pirelli/pzero-pz4-luxury-saloon/,лето,Pirelli,PZero PZ4 Luxury Saloon
https://prokoleso.ua/shiny/pirelli/pzero-pz4-sports-car/,лето,Pirelli,PZero PZ4 Sports Car
https://prokoleso.ua/shiny/pirelli/pzero-pz5/,лето,Pirelli,PZero PZ5
https://prokoleso.ua/shiny/pirelli/scorpion/,лето,Pirelli,Scorpion
https://prokoleso.ua/shiny/pirelli/scorpion-verde/,лето,Pirelli,Scorpion Verde
https://prokoleso.ua/shiny/pirelli/scorpion-zero/,лето,Pirelli,Scorpion Zero
https://prokoleso.ua/shiny/premiorri/vimero-4seasons/,всесезонка,Premiorri,Vimero 4Seasons
https://prokoleso.ua/shiny/premiorri/vimero-suv/,всесезонка,Premiorri,Vimero-Suv
https://prokoleso.ua/shiny/premiorri/vimero-van/,всесезонка,Premiorri,Vimero-Van.
https://prokoleso.ua/shiny/premiorri/via-maggiore-z-plus/,зима,Premiorri,Via Maggiore Z Plus
https://prokoleso.ua/shiny/premiorri/via-maggiore/,зима,Premiorri,Via Maggiore
https://prokoleso.ua/shiny/premiorri/solazo/,лето,Premiorri,Solazo
https://prokoleso.ua/shiny/premiorri/solazo-s-plus/,лето,Premiorri,Solazo S Plus
https://prokoleso.ua/shiny/roadstone/n-priz-4s/,всесезонка,Roadstone,N Priz 4S
https://prokoleso.ua/shiny/roadstone/roadian-a-t/,всесезонка,Roadstone,Roadian A/T
https://prokoleso.ua/shiny/roadstone/roadian-htx-rh5/,всесезонка,Roadstone,Roadian HTX RH5.
https://prokoleso.ua/shiny/roadstone/roadian-at-4x4/,всесезонка,Roadstone,Roadian AT 4X4
https://prokoleso.ua/shiny/roadstone/euro-win-650/,зима,Roadstone,Euro-Win 650
https://prokoleso.ua/shiny/roadstone/euro-win-700/,зима,Roadstone,Euro-Win 700
https://prokoleso.ua/shiny/roadstone/eurovis-alpine-wh1/,зима,Roadstone,Eurovis Alpine WH1
https://prokoleso.ua/shiny/roadstone/eurowin-800/,зима,Roadstone,EuroWin 800
https://prokoleso.ua/shiny/roadstone/winguard-ice-plus-wh43/,зима,Roadstone,WinGuard Ice Plus WH43
https://prokoleso.ua/shiny/roadstone/winguard-ice-suv/,зима,Roadstone,Winguard Ice SUV
https://prokoleso.ua/shiny/roadstone/winguard-ice/,зима,Roadstone,Winguard Ice.
https://prokoleso.ua/shiny/roadstone/winguard-sport/,зима,Roadstone,Winguard Sport
https://prokoleso.ua/shiny/roadstone/winguard-suv/,зима,Roadstone,Winguard SUV
https://prokoleso.ua/shiny/roadstone/winguard-winspike/,зима,Roadstone,Winguard WinSpike
https://prokoleso.ua/shiny/roadstone/winguard-winspike-suv/,зима,Roadstone,Winguard WinSpike SUV
https://prokoleso.ua/shiny/roadstone/eurovis-alpine-2/,зима,Roadstone,Eurovis Alpine 2
https://prokoleso.ua/shiny/roadstone/winguard-snow-g-wh2/,зима,Roadstone,Winguard Snow G WH2
https://prokoleso.ua/shiny/roadstone/classe-premiere-661/,лето,Roadstone,CLASSE PREMIERE 661.
https://prokoleso.ua/shiny/roadstone/classe-premiere-cp321/,лето,Roadstone,Classe Premiere CP321
https://prokoleso.ua/shiny/roadstone/eurovis-hp02/,лето,Roadstone,Eurovis HP02
https://prokoleso.ua/shiny/roadstone/n5000-plus/,лето,Roadstone,N5000 Plus
https://prokoleso.ua/shiny/roadstone/n6000/,лето,Roadstone,N6000
https://prokoleso.ua/shiny/roadstone/n8000/,лето,Roadstone,N8000.
https://prokoleso.ua/shiny/roadstone/nfera-au5/,лето,Roadstone,NFERA AU5
https://prokoleso.ua/shiny/roadstone/nfera-su1/,лето,Roadstone,NFERA SU1
https://prokoleso.ua/shiny/roadstone/nfera-ru1/,лето,Roadstone,NFERA-RU1
https://prokoleso.ua/shiny/roadstone/roadian-hp/,лето,Roadstone,ROADIAN HP.
https://prokoleso.ua/shiny/rosava/-20/,всесезонка,Rosava,БЦ-20
https://prokoleso.ua/shiny/rosava/-24/,всесезонка,Rosava,БЦ-24
https://prokoleso.ua/shiny/rosava/bc-54/,всесезонка,Rosava,BC-54
https://prokoleso.ua/shiny/rosava/snowgard/,зима,Rosava,Snowgard
https://prokoleso.ua/shiny/rosava/snowgard-van/,зима,Rosava,Snowgard-Van.
https://prokoleso.ua/shiny/rosava/itegro/,лето,Rosava,Itegro
https://prokoleso.ua/shiny/rovelo/all-weather-r4s/,всесезонка,Rovelo,ALL WEATHER R4S
https://prokoleso.ua/shiny/rydanz/raptor-r09-a-t/,всесезонка,Rydanz,Raptor R09 A/T
https://prokoleso.ua/shiny/rydanz/raptor-r19/,всесезонка,Rydanz,RAPTOR R19
https://prokoleso.ua/shiny/rydanz/nordica-nr01/,зима,Rydanz,NORDICA NR01
https://prokoleso.ua/shiny/rydanz/nordica-nr21/,зима,Rydanz,Nordica NR21
https://prokoleso.ua/shiny/rydanz/raxus-r07/,лето,Rydanz,Raxus R07
https://prokoleso.ua/shiny/rydanz/reac-r05/,лето,Rydanz,REAC R05
https://prokoleso.ua/shiny/rydanz/roadster-r02/,лето,Rydanz,ROADSTER R02
https://prokoleso.ua/shiny/rydanz/raleigh-r06/,лето,Rydanz,RALEIGH R06
https://prokoleso.ua/shiny/sailun/atrezzo-4-seasons/,всесезонка,Sailun,ATREZZO 4 SEASONS
https://prokoleso.ua/shiny/sailun/atrezzo-4-seasons-pro/,всесезонка,Sailun,ATREZZO 4 SEASONS PRO
https://prokoleso.ua/shiny/sailun/atrezzo-4-seasons-pro-ev/,всесезонка,Sailun,ATREZZO 4 SEASONS PRO EV
https://prokoleso.ua/shiny/sailun/commercio-4-seasons/,всесезонка,Sailun,COMMERCIO 4 SEASONS
https://prokoleso.ua/shiny/sailun/terramax-a-t/,всесезонка,Sailun,TERRAMAX A/T
https://prokoleso.ua/shiny/sailun/terramax-m-t/,всесезонка,Sailun,TERRAMAX M/T
https://prokoleso.ua/shiny/sailun/commercio-ice/,зима,Sailun,COMMERCIO ICE
https://prokoleso.ua/shiny/sailun/ice-blazer-alpine/,зима,Sailun,ICE BLAZER Alpine
https://prokoleso.ua/shiny/sailun/ice-blazer-alpine-evo/,зима,Sailun,ICE BLAZER Alpine EVO
https://prokoleso.ua/shiny/sailun/ice-blazer-alpine-plus/,зима,Sailun,ICE BLAZER Alpine+
https://prokoleso.ua/shiny/sailun/ice-blazer-arctic/,зима,Sailun,ICE BLAZER Arctic
https://prokoleso.ua/shiny/sailun/ice-blazer-arctic-evo/,зима,Sailun,ICE BLAZER Arctic EVO
https://prokoleso.ua/shiny/sailun/ice-blazer-arctic-suv/,зима,Sailun,ICE BLAZER Arctic SUV
https://prokoleso.ua/shiny/sailun/ice-blazer-wst2/,зима,Sailun,Ice Blazer WST2
https://prokoleso.ua/shiny/sailun/atrezzo-eco/,лето,Sailun,ATREZZO ECO
https://prokoleso.ua/shiny/sailun/atrezzo-elite/,лето,Sailun,ATREZZO ELITE
https://prokoleso.ua/shiny/sailun/atrezzo-elite-2/,лето,Sailun,ATREZZO ELITE 2
https://prokoleso.ua/shiny/sailun/atrezzo-zsr/,лето,Sailun,ATREZZO ZSR
https://prokoleso.ua/shiny/sailun/atrezzo-zsr-suv/,лето,Sailun,ATREZZO ZSR SUV
https://prokoleso.ua/shiny/sailun/atrezzo-zsr2/,лето,Sailun,ATREZZO ZSR2
https://prokoleso.ua/shiny/sailun/commercio-pro/,лето,Sailun,COMMERCIO PRO
https://prokoleso.ua/shiny/sailun/terramax-cvr/,лето,Sailun,TERRAMAX CVR
https://prokoleso.ua/shiny/sava/all-weather/,всесезонка,Sava,All Weather
https://prokoleso.ua/shiny/sava/eskimo-hp-2/,зима,Sava,Eskimo HP 2
https://prokoleso.ua/shiny/sava/eskimo-ice/,зима,Sava,Eskimo Ice
https://prokoleso.ua/shiny/sava/eskimo-s3-plus/,зима,Sava,Eskimo S3+
https://prokoleso.ua/shiny/sava/eskimo-suv-2/,зима,Sava,Eskimo SUV 2
https://prokoleso.ua/shiny/sava/intensa-hp/,лето,Sava,Intensa HP
https://prokoleso.ua/shiny/sava/intensa-hp-2/,лето,Sava,Intensa HP 2
https://prokoleso.ua/shiny/sava/intensa-suv-2/,лето,Sava,Intensa SUV 2
https://prokoleso.ua/shiny/sava/intensa-uhp-2/,лето,Sava,Intensa UHP 2
https://prokoleso.ua/shiny/sava/perfecta/,лето,Sava,Perfecta
https://prokoleso.ua/shiny/sonix/l-zeal56/,лето,Sonix,L-ZEAL56
https://prokoleso.ua/shiny/sonix/prime-uhp-08/,лето,Sonix,Prime UHP 08
https://prokoleso.ua/shiny/starmaxx/incurro-a-s-st430/,всесезонка,Starmaxx,Incurro A/S ST430
https://prokoleso.ua/shiny/starmaxx/incurro-a-t-st440/,всесезонка,Starmaxx,Incurro A/T ST440
https://prokoleso.ua/shiny/starmaxx/maxx-out-st582/,всесезонка,Starmaxx,Maxx Out ST582
https://prokoleso.ua/shiny/starmaxx/arcterrain-w860/,зима,Starmaxx,Arcterrain W860
https://prokoleso.ua/shiny/starmaxx/incurro-ice-w880/,зима,Starmaxx,Incurro Ice W880
https://prokoleso.ua/shiny/starmaxx/incurro-winter-870/,зима,Starmaxx,Incurro Winter 870
https://prokoleso.ua/shiny/starmaxx/polarmaxx/,зима,Starmaxx,PolarMaxx
https://prokoleso.ua/shiny/starmaxx/polarmaxx-sport/,зима,Starmaxx,PolarMaxx Sport
https://prokoleso.ua/shiny/starmaxx/prowin-st960/,зима,Starmaxx,Prowin ST960
https://prokoleso.ua/shiny/starmaxx/incurro-h-t-st450/,лето,Starmaxx,Incurro H/T ST450
https://prokoleso.ua/shiny/starmaxx/naturen-st542/,лето,Starmaxx,Naturen ST542
https://prokoleso.ua/shiny/starmaxx/novaro-st532/,лето,Starmaxx,Novaro ST532
https://prokoleso.ua/shiny/starmaxx/provan-st850-plus/,лето,Starmaxx,Provan ST850 Plus
https://prokoleso.ua/shiny/starmaxx/provan-st860/,лето,Starmaxx,Provan ST860
https://prokoleso.ua/shiny/starmaxx/ultrasport-st760/,лето,Starmaxx,Ultrasport ST760
https://prokoleso.ua/shiny/superia/ecoblu-uhp2/,лето,Superia,ECOBLU UHP2
https://prokoleso.ua/shiny/superia/ecoblue-hp/,лето,Superia,EcoBlue HP
https://prokoleso.ua/shiny/superia/ecoblue-suv/,лето,Superia,Ecoblue SUV
https://prokoleso.ua/shiny/superia/ecoblue-uhp/,лето,Superia,EcoBlue UHP
https://prokoleso.ua/shiny/superia/ecoblue-van-4s/,лето,Superia,EcoBlue Van 4S
https://prokoleso.ua/shiny/taurus/all-season-light-truck/,всесезонка,Taurus,ALL SEASON LIGHT TRUCK
https://prokoleso.ua/shiny/taurus/all-season-suv/,всесезонка,Taurus,ALL SEASON SUV
https://prokoleso.ua/shiny/taurus/201/,зима,Taurus,201
https://prokoleso.ua/shiny/taurus/ice/,зима,Taurus,ICE
https://prokoleso.ua/shiny/taurus/suv-winter/,зима,Taurus,SUV Winter
https://prokoleso.ua/shiny/taurus/winter-601/,зима,Taurus,Winter 601
https://prokoleso.ua/shiny/taurus/winter/,зима,Taurus,Winter
https://prokoleso.ua/shiny/taurus/701-suv/,лето,Taurus,701 SUV
https://prokoleso.ua/shiny/taurus/cargospeedevo/,лето,Taurus,CargoSpeedEVO
https://prokoleso.ua/shiny/taurus/high-performance/,лето,Taurus,HIGH PERFORMANCE
https://prokoleso.ua/shiny/taurus/summer-3/,лето,Taurus,Summer 3
https://prokoleso.ua/shiny/taurus/touring/,лето,Taurus,TOURING
https://prokoleso.ua/shiny/taurus/ultra-high-performance/,лето,Taurus,Ultra High Performance
https://prokoleso.ua/shiny/tigar/all-season/,всесезонка,Tigar,ALL SEASON
https://prokoleso.ua/shiny/tigar/all-season-suv/,всесезонка,Tigar,ALL Season SUV
https://prokoleso.ua/shiny/tigar/cargo-speed/,лето,Tigar,Cargo Speed
https://prokoleso.ua/shiny/tigar/cargo-speed-evo/,лето,Tigar,Cargo Speed Evo
https://prokoleso.ua/shiny/tigar/cargo-speed-winter/,зима,Tigar,Cargo Speed Winter.
https://prokoleso.ua/shiny/tigar/high-performance-tigar/,лето,Tigar,High Performance
https://prokoleso.ua/shiny/tigar/ice/,зима,Tigar,Ice
https://prokoleso.ua/shiny/tigar/road-terrain/,лето,Tigar,Road Terrain
https://prokoleso.ua/shiny/tigar/summer/,лето,Tigar,Summer
https://prokoleso.ua/shiny/tigar/summer-3/,лето,Tigar,SUMMER 3
https://prokoleso.ua/shiny/tigar/summer-suv/,лето,Tigar,Summer SUV
https://prokoleso.ua/shiny/tigar/touring/,лето,Tigar,TOURING
https://prokoleso.ua/shiny/tigar/ultra-high-performance/,лето,Tigar,ULTRA HIGH PERFORMANCE
https://prokoleso.ua/shiny/tigar/tigar-winter/,зима,Tigar,Winter
https://prokoleso.ua/shiny/tigar/winter-suv/,зима,Tigar,Winter SUV
https://prokoleso.ua/shiny/tigar/winter1/,зима,Tigar,Winter1
https://prokoleso.ua/shiny/toyo/celsius-cargo/,всесезонка,Toyo,CELSIUS CARGO
https://prokoleso.ua/shiny/toyo/open-country-a-t-iii/,всесезонка,Toyo,Open Country A/T Ⅲ
https://prokoleso.ua/shiny/toyo/open-country-a-t-plus/,всесезонка,Toyo,Open Country A/T+
https://prokoleso.ua/shiny/toyo/open-country-m-t/,всесезонка,Toyo,Open Country M/T
https://prokoleso.ua/shiny/toyo/observe-garit-g3-ice/,зима,Toyo,Observe Garit G3-Ice
https://prokoleso.ua/shiny/toyo/observe-garit-giz/,зима,Toyo,Observe Garit Giz
https://prokoleso.ua/shiny/toyo/observe-garrit-gsi5/,зима,Toyo,OBSERVE GARRIT GSI5
https://prokoleso.ua/shiny/toyo/observe-gsi-6/,зима,Toyo,Observe GSi-6
https://prokoleso.ua/shiny/toyo/observe-gsi6-hp/,зима,Toyo,OBSERVE GSi6 HP
https://prokoleso.ua/shiny/toyo/observe-gsi6-hp-suv/,зима,Toyo,OBSERVE GSi6 HP SUV
https://prokoleso.ua/shiny/toyo/observe-gsi6-ls/,зима,Toyo,OBSERVE GSi6 LS
https://prokoleso.ua/shiny/toyo/observe-ice-freezer/,зима,Toyo,OBSERVE ICE-FREEZER
https://prokoleso.ua/shiny/toyo/observe-ice-freezer-suv/,зима,Toyo,OBSERVE ICE-FREEZER SUV
https://prokoleso.ua/shiny/toyo/observe-s944/,зима,Toyo,Observe S944
https://prokoleso.ua/shiny/toyo/observe-van/,зима,Toyo,Observe Van
https://prokoleso.ua/shiny/toyo/snowprox-s943/,зима,Toyo,Snowprox S943
https://prokoleso.ua/shiny/toyo/snowprox-s954/,зима,Toyo,Snowprox S954
https://prokoleso.ua/shiny/toyo/snowprox-s954-suv/,зима,Toyo,SNOWPROX S954 SUV
https://prokoleso.ua/shiny/toyo/nano-energy-3/,лето,Toyo,Nano Energy 3
https://prokoleso.ua/shiny/toyo/open-country-u-t/,лето,Toyo,Open Country U/T
https://prokoleso.ua/shiny/toyo/proxes-cf2/,лето,Toyo,Proxes CF2
https://prokoleso.ua/shiny/toyo/proxes-comfort/,лето,Toyo,PROXES COMFORT
https://prokoleso.ua/shiny/toyo/proxes-r1r/,лето,Toyo,Proxes R1R
https://prokoleso.ua/shiny/toyo/proxes-s-t-iii/,лето,Toyo,Proxes S/T III
https://prokoleso.ua/shiny/toyo/proxes-sport-2/,лето,Toyo,Proxes Sport 2
https://prokoleso.ua/shiny/toyo/proxes-sport-suv/,лето,Toyo,Proxes Sport SUV
https://prokoleso.ua/shiny/triangle/agilex-at-tr292/,всесезонка,Triangle,AgileX AT TR292
https://prokoleso.ua/shiny/triangle/snow-link-pl01/,зима,Triangle,Snow Link PL01
https://prokoleso.ua/shiny/triangle/snow-link-pl02/,зима,Triangle,Snow Link PL02
https://prokoleso.ua/shiny/triangle/snowlink-van-ll01/,зима,Triangle,SnowLink Van LL01
https://prokoleso.ua/shiny/triangle/tr777-snow-lion/,зима,Triangle,TR777 Snow Lion
https://prokoleso.ua/shiny/triangle/tr797/,зима,Triangle,TR797
https://prokoleso.ua/shiny/triangle/tw401/,зима,Triangle,TW401
https://prokoleso.ua/shiny/triangle/tr737/,зима,Triangle,TR737
https://prokoleso.ua/shiny/triangle/tw421/,зима,Triangle,TW421
https://prokoleso.ua/shiny/triangle/sportex-th201/,лето,Triangle,SporteX TH201
https://prokoleso.ua/shiny/triangle/th-201/,лето,Triangle,Sportex TSH11 (TH201)
https://prokoleso.ua/shiny/triangle/te301/,лето,Triangle,TE301
https://prokoleso.ua/shiny/triangle/te307/,лето,Triangle,TE307
https://prokoleso.ua/shiny/triangle/tr968/,лето,Triangle,TR968
https://prokoleso.ua/shiny/triangle/tv701-connex-van/,лето,Triangle,TV701 ConneX Van
https://prokoleso.ua/shiny/uniroyal/allseason-expert-2/,всесезонка,Uniroyal,AllSeason Expert 2
https://prokoleso.ua/shiny/uniroyal/allseasonmax/,всесезонка,Uniroyal,AllSeasonMax
https://prokoleso.ua/shiny/uniroyal/winterexpert/,зима,Uniroyal,WinterExpert
https://prokoleso.ua/shiny/uniroyal/rain-sport-5/,лето,Uniroyal,Rain Sport 5
https://prokoleso.ua/shiny/uniroyal/rainexpert-5/,лето,Uniroyal,RainExpert 5
https://prokoleso.ua/shiny/uniroyal/rainmax-5/,лето,Uniroyal,RainMax 5
https://prokoleso.ua/shiny/vredestein/quatrac-5/,всесезонка,Vredestein,Quatrac 5
https://prokoleso.ua/shiny/vredestein/quatrac-pro/,всесезонка,Vredestein,Quatrac Pro
https://prokoleso.ua/shiny/vredestein/quatrac-pro-plus/,всесезонка,Vredestein,Quatrac Pro+
https://prokoleso.ua/shiny/vredestein/nord-trac-2/,зима,Vredestein,Nord Trac 2
https://prokoleso.ua/shiny/vredestein/wintrac/,зима,Vredestein,Wintrac
https://prokoleso.ua/shiny/vredestein/wintrac-pro/,зима,Vredestein,Wintrac Pro
https://prokoleso.ua/shiny/vredestein/wintrac-pro-plus/,зима,Vredestein,Wintrac Pro+
https://prokoleso.ua/shiny/vredestein/wintrac-xtreme-s/,зима,Vredestein,Wintrac Xtreme S
https://prokoleso.ua/shiny/vredestein/comtrac2/,лето,Vredestein,COMTRAC 2 Summer
https://prokoleso.ua/shiny/vredestein/sportrac-5/,лето,Vredestein,Sportrac 5
https://prokoleso.ua/shiny/vredestein/t-trac-2/,лето,Vredestein,T-TRAC 2
https://prokoleso.ua/shiny/vredestein/ultrac/,лето,Vredestein,Ultrac
https://prokoleso.ua/shiny/vredestein/ultrac-pro/,лето,Vredestein,ULTRAC PRO
https://prokoleso.ua/shiny/vredestein/ultracplus/,лето,Vredestein,Ultrac+
https://prokoleso.ua/shiny/westlake/sa57/,лето,Westlake,SA57
https://prokoleso.ua/shiny/yokohama/ice-guard-suv-g075/,зима,Yokohama,Ice Guard SUV G075
,,,
,,,
,,,
,,,
,,,
,,,
,,,
,,,
,,,
,,,
,,,
,,,
,,,
,,,
,,,
,,,
,,,
,,,
,,,
,,,
,,,
,,,
,,,
,,,
,,,
,,,
,,,
,,,
,,,
,,,
,,,
,,,
,,,
,,,
,,,
,,,
,,,
,,,
,,,
,,,
,,,
,,,
,,,
,,,
,,,
,,,
,,,
,,,
,,,
,,,
,,,
,,,
,,,
,,,
,,,
,,,
,,,
,,,
,,,
,,,
,,,
,,,
,,,
,,,
,,,
,,,
,,,
,,,
,,,
,,,
,,,
,,,
,,,
,,,
,,,
,,,
,,,
,,,
,,,
,,,
,,,
,,,
,,,
,,,
,,,
,,,
,,,
,,,
,,,
,,,
,,,
,,,
,,,
,,,
,,,
,,,
,,,
,,,
,,,
,,,
,,,
,,,
,,,
,,,
,,,
,,,
,,,
,,,
,,,
,,,
,,,
,,,
,,,
,,,
,,,
,,,
,,,
,,,
,,,
,,,
,,,
,,,
,,,
,,,
,,,
,,,
,,,
,,,
,,,
,,,
,,,
,,,
,,,
,,,
,,,
,,,
,,,
,,,
,,,
,,,
,,,
,,,
,,,
,,,
,,,
,,,
,,,
,,,
,,,
,,,
,,,
,,,
,,,
,,,
,,,
,,,
,,,
,,,
,,,
,,,
,,,
,,,
,,,
,,,
,,,
,,,
,,,
,,,
,,,
,,,
,,,
,,,
,,,
,,,
,,,
,,,
,,,
,,,
,,,
,,,
,,,
,,,
,,,
,,,
,,,
,,,
,,,
,,,
,,,
,,,
,,,
,,,
,,,
,,,
,,,
,,,
,,,
,,,
,,,
,,,
,,,
,,,
,,,
,,,
,,,
,,,
,,,
,,,
,,,
,,,
,,,
,,,
,,,
,,,
,,,
,,,
,,,
,,,
,,,
,,,
,,,
,,,
,,,
,,,
,,,
,,,
,,,
,,,
,,,
,,,
,,,
,,,
,,,
,,,
,,,
,,,
,,,
,,,
,,,
,,,
,,,
,,,
,,,
,,,
,,,
,,,
,,,
,,,
,,,
,,,
,,,
,,,
,,,
,,,
,,,
,,,
,,,
,,,
,,,
,,,
,,,
,,,
,,,
,,,
,,,
,,,
,,,
,,,
,,,
,,,
,,,
,,,
,,,
,,,
,,,
,,,
,,,
,,,
,,,
,,,
,,,
,,,
,,,
,,,
,,,
,,,
,,,
,,,
,,,
,,,
,,,
,,,
,,,
,,,
,,,
,,,
,,,
,,,
,,,
,,,
,,,
,,,
,,,
,,,
,,,
,,,
,,,
,,,
,,,
,,,
,,,
,,,
,,,
,,,
,,,
,,,
,,,
,,,
,,,
,,,
,,,
,,,
,,,
,,,
,,,
,,,
,,,
,,,
,,,
,,,
,,,
,,,
,,,
,,,
,,,
,,,
,,,
,,,
,всесезонка,Sava,Adapto
,всесезонка,Sava,All Weather
,зима,Sava,Eskimo HP 2
,зима,Sava,Eskimo Ice
,зима,Sava,Eskimo LT
,зима,Sava,Eskimo S2
,зима,Sava,Eskimo S3+
,зима,Sava,Eskimo s3
,зима,Sava,Eskimo Stud
,зима,Sava,Eskimo SUV 2
,лето,Sava,Intensa 2
,лето,Sava,Intensa HP 2
,лето,Sava,Intensa HP
,лето,Sava,Intensa SUV 2
,лето,Sava,Intensa suv
,лето,Sava,Intensa UHP 2
,лето,Sava,Perfecta
,лето,Sava,Trenta 2
,лето,Sava,Trenta MS
,лето,Sava,Trenta
,лето,Sonix,Ecopro 99
,лето,Sonix,L-ZEAL56
,лето,Sonix,Prime UHP 08
,лето,Sonix,Primemarch H/T 79
,всесезонка,Sonix,Primemaster M/T II
,всесезонка,Sonix,PrimeMaster R/T
,лето,Sonix,Primestar 66
,зима,Sonix,SnowRover 868
,зима,Sonix,Winterxpro 888
,лето,Sonix,XComfort S7
,всесезонка,Sportrak,SP782 R/T
,зима,Starmaxx,Arcterrain W860
,всесезонка,Starmaxx,Incurro A/S ST430
,всесезонка,Starmaxx,Incurro A/T ST440
,всесезонка,Starmaxx,Incurro H/T ST450
,зима,Starmaxx,Incurro Ice W880
,лето,Starmaxx,Incurro ST450
,зима,Starmaxx,Incurro W870
,зима,Starmaxx,Incurro Winter 870
,всесезонка,Starmaxx,Maxx Out ST582
,лето,Starmaxx,Naturen ST542
,лето,Starmaxx,Novaro ST532
,зима,Starmaxx,PolarMaxx Sport
,зима,Starmaxx,PolarMaxx
,лето,Starmaxx,Provan ST850 Plus
,лето,Starmaxx,Provan ST860
,всесезонка,Starmaxx,PROWIN ST950
,зима,Starmaxx,Prowin ST960
,лето,Starmaxx,Tolero ST330
,лето,Starmaxx,Ultrasport ST750
,лето,Starmaxx,Ultrasport ST760
,лето,Strial,HP 401
,лето,Sunny,NA305
,лето,Sunny,NL106
,лето,Sunny,NU025
,зима,Sunny,NW611
,лето,Sunny,SAS028
,зима,Superia,BlueWin 2 SUV
,зима,Superia,BlueWin HP
,зима,Superia,BlueWin UHP
,зима,Superia,BlueWin
,лето,Superia,ECOBLU UHP2
,лето,Superia,EcoBlue HP
,лето,Superia,Ecoblue SUV
,лето,Superia,EcoBlue UHP
,лето,Superia,EcoBlue Van 4S
,лето,Superia,EcoBlue Van2
,зима,Taurus,201 winter
,зима,Taurus,201.
,лето,Taurus,301 touring
,лето,Taurus,401.
,зима,Taurus,601 winter
,лето,Taurus,701 SUV.
,лето,Taurus,CargoSpeedEVO
,лето,Taurus,HIGH PERFORMANCE...
,зима,Taurus,ICE...
,лето,Taurus,Light truck 101
,лето,Taurus,ROAD-TERRAIN
,зима,Taurus,SUV Winter
,лето,Taurus,TOURING..
,лето,Taurus,Ultra High Performance...
,зима,Taurus,Winter 601.
,зима,Taurus,Winter......
,лето,Teraflex,CITYCROSS H/T
,зима,Tercelo,Blue Snow
,лето,Tercelo,Sport D1
,лето,Tigar,Cargo Speed Evo
,зима,Tigar,Cargo Speed Winter.
,лето,Tigar,Cargo Speed
,лето,Tigar,High Performance...
,зима,Tigar,Ice...
,лето,Tigar,Road Terrain..
,лето,Tigar,SUMMER 3
,лето,Tigar,Summer SUV
,лето,Tigar,Summer.
,зима,Tigar,Winter......
,лето,Tigar,TOURING.
,лето,Tigar,ULTRA HIGH PERFORMANCE.
,зима,Tigar,Winter SUV
,зима,Tigar,Winter1
,всесезонка,Toyo,Open Country
,лето,Toyo,PROXES CF1 SUV
,лето,Toyo,Proxes CF1
,лето,Toyo,Proxes T1R
,лето,Toyo,SD7
,зима,Toyo,SnowProx S953
,всесезонка,Toyo,CELSIUS CARGO
,лето,Toyo,Nano Energy 3
,зима,Toyo,Observe Garit G3-Ice
,зима,Toyo,Observe Garit Giz
,зима,Toyo,OBSERVE GARRIT GSI5
,зима,Toyo,Observe GSi-6
,зима,Toyo,OBSERVE GSi6 HP SUV
,зима,Toyo,OBSERVE GSi6 HP
,зима,Toyo,OBSERVE GSi6 LS
,зима,Toyo,OBSERVE ICE-FREEZER SUV
,зима,Toyo,OBSERVE ICE-FREEZER
,зима,Toyo,Observe S944
,зима,Toyo,Observe Van
,всесезонка,Toyo,Open Country A/T Ⅲ
,всесезонка,Toyo,Open Country A/T+
,всесезонка,Toyo,Open Country M/T
,лето,Toyo,Open Country U/T
,лето,Toyo,Proxes 4
,лето,Toyo,Proxes C1S
,лето,Toyo,Proxes CF2
,лето,Toyo,PROXES COMFORT
,лето,Toyo,Proxes R1R
,лето,Toyo,Proxes S/T II
,лето,Toyo,Proxes S/T III
,лето,Toyo,Proxes S/T
,лето,Toyo,Proxes Sport 2
,лето,Toyo,Proxes Sport SUV
,лето,Toyo,Proxes t1 sport suv
,лето,Toyo,Proxes T1 Sport
,зима,Toyo,Snowprox S943
,зима,Toyo,SNOWPROX S954 SUV
,зима,Toyo,Snowprox S954
,всесезонка,Tracmax,RF19
,всесезонка,Tracmax,X-privilo AT01
,лето,Tracmax,X-privilo H/T
,всесезонка,Tracmax,X-privilo M/T
,лето,Tracmax,X-privilo RF06
,лето,Tracmax,X-privilo RS01+
,лето,Triangle,AdvanteX SUV TR259
,лето,Triangle,AdvanteX TC101
,всесезонка,Triangle,AgileX AT TR292
,зима,Triangle,LL01
,всесезонка,Triangle,SeasonX TA01
,зима,Triangle,Snow Link PL01
,зима,Triangle,Snow Link PL02
,зима,Triangle,SnowLink Van LL01
,лето,Triangle,SporteX TH201
,всесезонка,Triangle,TA01
,всесезонка,Triangle,TA702
,лето,Triangle,TC 101
,лето,Triangle,TE301
,лето,Triangle,TE307
,лето,Triangle,TE307A
,лето,Triangle,Sportex TSH11 (TH201)
,лето,Triangle,TH202
,зима,Triangle,TI501
,лето,Triangle,TR258
,всесезонка,Triangle,TR292
,всесезонка,Triangle,TR556
,всесезонка,Triangle,TR608
,всесезонка,Triangle,TR646
,всесезонка,Triangle,TR653
,зима,Triangle,TR737
,зима,Triangle,TR777 Snow Lion
,зима,Triangle,TR797
,всесезонка,Triangle,TR918
,лето,Triangle,TR928
,лето,Triangle,TR968
,лето,Triangle,TR978
,всесезонка,Triangle,TRA06
,лето,Triangle,TV701 ConneX Van
,зима,Triangle,TW401
,зима,Triangle,TW421
,всесезонка,Uniroyal,AllSeason Expert 2
,всесезонка,Uniroyal,AllSeasonMax
,лето,Uniroyal,Rain Sport 5
,лето,Uniroyal,RainExpert 5
,лето,Uniroyal,RainMax 3
,лето,Uniroyal,RainMax 5
,лето,Uniroyal,RainSport 3
,лето,Uniroyal,Rallye 4x4 Street
,зима,Uniroyal,WinterExpert
,всесезонка,Viking,FourTech Van
,лето,Viking,ProTech NewGen
,зима,Voyager,Winter...
,зима,Vredestein,Arctrac
,лето,Vredestein,COMTRAC 2 Summer
,зима,Vredestein,Nord Trac 2
,всесезонка,Vredestein,Quatrac 5
,всесезонка,Vredestein,Quatrac Pro+
,всесезонка,Vredestein,Quatrac Pro
,всесезонка,Vredestein,Quatrac
,лето,Vredestein,Sportrac 5
,лето,Vredestein,T-TRAC 2
,лето,Vredestein,ULTRAC PRO
,лето,Vredestein,Ultrac
,лето,Vredestein,Ultrac+
,зима,Vredestein,Wintrac 4 Xtreme
,зима,Vredestein,Wintrac Pro+
,зима,Vredestein,Wintrac Pro
,зима,Vredestein,Wintrac Xtreme S
,зима,Vredestein,Wintrac
,лето,Westlake,SA57.
,всесезонка,Westlake,SL369 A/T
,лето,Westlake,SL369
,всесезонка,Westlake,SU318 H/T
,зима,Westlake,SW628
,лето,Westlake,Z-007
,лето,Westlake,Z-107
,всесезонка,Westlake,Z-401
,зима,Westlake,Z-507
,лето,Yokohama,Advan A052
,лето,Yokohama,Advan Neova AD08
,лето,Yokohama,Advan Sport V103
,лето,Yokohama,Advan Sport V105
,лето,Yokohama,ADVAN Sport V105E
,лето,Yokohama,ADVAN Sport V105S
,лето,Yokohama,ADVAN Sport V105T
,лето,Yokohama,ADVAN Sport V105W
,лето,Yokohama,Advan ST V802
,лето,Yokohama,Aspec A349
,лето,Yokohama,BluEarth-A AE50
,лето,Yokohama,BluEarth E51B
,лето,Yokohama,Bluearth-es es32
,лето,Yokohama,BluEarth GT AE51
,лето,Yokohama,BluEarth-XT AE61
,лето,Yokohama,Decibel E70
,зима,Yokohama,G075
,всесезонка,Yokohama,Geolandar A/T G015
,лето,Yokohama,Geolandar G055
,лето,Yokohama,Geolandar G057
,лето,Yokohama,Geolandar G91A
,лето,Yokohama,Geolandar G91AVX
,всесезонка,Yokohama,Geolandar G94B
,лето,Yokohama,Geolandar G98
,всесезонка,Yokohama,Geolandar H/T G033
,всесезонка,Yokohama,Geolandar H/T G900
,лето,Yokohama,Geolandar H/T G902
,зима,Yokohama,Geolandar I/T-S G073
,лето,Yokohama,Geolandar SUV G057
,зима,Yokohama,Geolander G073
,зима,Yokohama,Ice Guard IG50
,зима,Yokohama,Ice Guard IG53
,зима,Yokohama,Ice Guard IG55
,зима,Yokohama,Ice Guard SUV G075
,зима,Yokohama,W. Drive V902
,зима,Yokohama,W.drive V902A
,зима,Yokohama,W. Drive V903
,зима,Yokohama,W. Drive V905
,зима,Zeetex,WP1000-S